<?xml version="1.0" encoding="utf-8" ?>
<dwsync>
<file name="index1.js" server="C:/wamp/www/smart/SmartCropping" local="131451581900000000" remote="131451581900000000" Dst="0" />
<file name="jquery.js" server="C:/wamp/www/smart/SmartCropping" local="130114322860000000" remote="130114322860000000" Dst="0" />
<file name="jquery.easing.1.3.js" server="C:/wamp/www/smart/SmartCropping" local="129770694040000000" remote="129770694040000000" Dst="0" />
<file name="bootstrap.min.js" server="C:/wamp/www/smart/SmartCropping" local="130355253500000000" remote="130355253500000000" Dst="0" />
<file name="jquery.fancybox.pack.js" server="C:/wamp/www/smart/SmartCropping" local="130109247080000000" remote="130109247080000000" Dst="0" />
<file name="jquery.fancybox-media.js" server="C:/wamp/www/smart/SmartCropping" local="130027596420000000" remote="130027596420000000" Dst="0" />
<file name="jquery.flexslider.js" server="C:/wamp/www/smart/SmartCropping" local="129974328900000000" remote="129974328900000000" Dst="0" />
<file name="animate.js" server="C:/wamp/www/smart/SmartCropping" local="130099786180000000" remote="130099786180000000" Dst="0" />
<file name="custom.js" server="C:/wamp/www/smart/SmartCropping" local="130368395180000000" remote="130368395180000000" Dst="0" />
</dwsync>